"File","Valid","Number of tokens","Coverage","Number of errors","Number of warnings","Number of preprocessed directives","Final position"
"CM101M.CBL","true","3452","100.0","0","0","0","CM101M.CBL:670:30"
"CM102M.CBL","true","4803","100.0","0","0","0","CM102M.CBL:966:30"
"CM103M.CBL","true","1556","100.0","0","0","0","CM103M.CBL:280:30"
"CM104M.CBL","true","1979","100.0","0","0","0","CM104M.CBL:336:30"
"CM105M.CBL","true","2462","100.0","0","0","0","CM105M.CBL:492:30"
"CM201M.CBL","true","418","100.0","0","0","0","CM201M.CBL:86:20"
"CM202M.CBL","true","3305","100.0","0","0","0","CM202M.CBL:643:30"
"CM303M.CBL","true","95","100.0","0","0","0","CM303M.CBL:33:49"
"CM401M.CBL","true","197","100.0","0","0","0","CM401M.CBL:63:46"
"DB101A.CBL","true","3524","100.0","0","0","0","DB101A.CBL:825:29"
"DB102A.CBL","true","3190","100.0","0","0","0","DB102A.CBL:685:29"
"DB103M.CBL","true","3177","100.0","0","0","0","DB103M.CBL:683:29"
"DB104A.CBL","true","3747","100.0","0","0","0","DB104A.CBL:749:29"
"DB105A.CBL","true","9127","100.0","0","0","0","DB105A.CBL:1453:29"
"DB201A.CBL","true","7180","100.0","0","0","0","DB201A.CBL:1516:29"
"DB202A.CBL","true","4235","100.0","0","0","0","DB202A.CBL:845:29"
"DB203A.CBL","true","4190","100.0","0","0","0","DB203A.CBL:819:29"
"DB204A.CBL","true","2818","100.0","0","0","0","DB204A.CBL:555:29"
"DB205A.CBL","true","3085","100.0","0","0","0","DB205A.CBL:597:29"
"DB301M.CBL","true","100","100.0","0","0","0","DB301M.CBL:43:20"
"DB302M.CBL","true","101","100.0","0","0","0","DB302M.CBL:43:20"
"DB303M.CBL","true","112","100.0","0","0","0","DB303M.CBL:51:20"
"DB304M.CBL","true","91","100.0","0","0","0","DB304M.CBL:40:20"
"DB305M.CBL","true","100","100.0","0","0","0","DB305M.CBL:43:20"
"EXEC85.CBL","true","8079","100.0","0","0","0","EXEC85.CBL:2259:16"
"IC101A.CBL","true","2083","100.0","0","0","0","IC101A.CBL:383:29"
"IC102A.CBL","true","118","100.0","0","0","0","IC102A.CBL:49:24"
"IC103A.CBL","true","2628","100.0","0","0","0","IC103A.CBL:498:29"
"IC104A.CBL","true","208","100.0","0","0","0","IC104A.CBL:72:24"
"IC105A.CBL","true","170","100.0","0","0","0","IC105A.CBL:65:24"
"IC106A.CBL","true","2803","100.0","0","0","0","IC106A.CBL:531:29"
"IC107A.CBL","true","404","100.0","0","0","0","IC107A.CBL:110:24"
"IC108A.CBL","true","2411","100.0","0","0","0","IC108A.CBL:445:29"
"IC109A.CBL","true","207","100.0","0","0","0","IC109A.CBL:66:24"
"IC110A.CBL","true","230","100.0","0","0","0","IC110A.CBL:70:24"
"IC111A.CBL","true","171","100.0","0","0","0","IC111A.CBL:57:24"
"IC112A.CBL","true","2894","100.0","0","0","0","IC112A.CBL:556:29"
"IC113A.CBL","true","275","100.0","0","0","0","IC113A.CBL:79:30"
"IC114A.CBL","true","2339","100.0","0","0","0","IC114A.CBL:472:29"
"IC115A.CBL","true","961","100.0","0","0","0","IC115A.CBL:214:24"
"IC116M.CBL","true","1861","100.0","0","0","0","IC116M.CBL:344:29"
"IC117M.CBL","true","111","100.0","0","0","0","IC117M.CBL:72:24"
"IC118M.CBL","true","96","100.0","0","0","0","IC118M.CBL:56:24"
"IC201A.CBL","true","3604","100.0","0","0","0","IC201A.CBL:620:29"
"IC202A.CBL","true","182","100.0","0","0","0","IC202A.CBL:59:24"
"IC203A.CBL","true","3516","100.0","0","0","0","IC203A.CBL:684:29"
"IC204A.CBL","true","206","100.0","0","0","0","IC204A.CBL:70:24"
"IC205A.CBL","true","244","100.0","0","0","0","IC205A.CBL:71:24"
"IC206A.CBL","true","127","100.0","0","0","0","IC206A.CBL:57:24"
"IC207A.CBL","true","2612","100.0","0","0","0","IC207A.CBL:480:29"
"IC208A.CBL","true","439","100.0","0","0","0","IC208A.CBL:104:24"
"IC209A.CBL","true","1975","100.0","0","0","0","IC209A.CBL:353:29"
"IC210A.CBL","true","137","100.0","0","0","0","IC210A.CBL:51:24"
"IC211A.CBL","true","80","100.0","0","0","0","IC211A.CBL:41:24"
"IC212A.CBL","true","80","100.0","0","0","0","IC212A.CBL:41:24"
"IC213A.CBL","true","1951","100.0","0","0","0","IC213A.CBL:342:29"
"IC214A.CBL","true","61","100.0","0","0","0","IC214A.CBL:37:24"
"IC215A.CBL","true","83","100.0","0","0","0","IC215A.CBL:41:24"
"IC216A.CBL","true","1910","100.0","0","0","0","IC216A.CBL:334:29"
"IC217A.CBL","true","147","100.0","0","0","0","IC217A.CBL:49:24"
"IC222A.CBL","true","3740","100.0","0","0","0","IC222A.CBL:1163:24"
"IC223A.CBL","true","3819","100.0","0","0","0","IC223A.CBL:772:24"
"IC224A.CBL","true","3289","100.0","0","0","0","IC224A.CBL:704:24"
"IC225A.CBL","true","4412","100.0","0","0","0","IC225A.CBL:1055:24"
"IC226A.CBL","true","2161","100.0","0","0","0","IC226A.CBL:507:24"
"IC227A.CBL","true","4094","100.0","0","0","0","IC227A.CBL:1201:28"
"IC228A.CBL","true","2108","100.0","0","0","0","IC228A.CBL:446:26"
"IC233A.CBL","true","2251","100.0","0","0","0","IC233A.CBL:514:26"
"IC234A.CBL","true","2080","100.0","0","0","0","IC234A.CBL:738:26"
"IC235A.CBL","true","3227","100.0","0","0","0","IC235A.CBL:669:26"
"IC237A.CBL","true","1954","100.0","0","0","0","IC237A.CBL:434:28"
"IC401M.CBL","true","180","100.0","0","0","0","IC401M.CBL:75:26"
"IF101A.CBL","true","4688","100.0","0","0","0","IF101A.CBL:907:29"
"IF102A.CBL","true","3379","100.0","0","0","0","IF102A.CBL:618:29"
"IF103A.CBL","true","4406","100.0","0","0","0","IF103A.CBL:841:29"
"IF104A.CBL","true","4782","100.0","0","0","0","IF104A.CBL:928:29"
"IF105A.CBL","true","2660","99.81203","0","0","0","IF105A.CBL:488:29"
"IF106A.CBL","true","5162","100.0","0","0","0","IF106A.CBL:1006:29"
"IF107A.CBL","true","2086","100.0","0","0","0","IF107A.CBL:380:29"
"IF108A.CBL","true","2465","100.0","0","0","0","IF108A.CBL:490:29"
"IF109A.CBL","true","2333","100.0","0","0","0","IF109A.CBL:452:29"
"IF110A.CBL","true","2736","100.0","0","0","0","IF110A.CBL:501:29"
"IF111A.CBL","true","3494","100.0","0","0","0","IF111A.CBL:732:29"
"IF112A.CBL","true","2320","100.0","0","0","0","IF112A.CBL:453:29"
"IF113A.CBL","true","2331","100.0","0","0","0","IF113A.CBL:452:29"
"IF114A.CBL","true","3506","100.0","0","0","0","IF114A.CBL:733:29"
"IF115A.CBL","true","2304","100.0","0","0","0","IF115A.CBL:451:29"
"IF116A.CBL","true","4608","100.0","0","0","0","IF116A.CBL:890:29"
"IF117A.CBL","true","5853","100.0","0","0","0","IF117A.CBL:1038:29"
"IF118A.CBL","true","2666","100.0","0","0","0","IF118A.CBL:545:29"
"IF119A.CBL","true","4247","99.88227","0","0","0","IF119A.CBL:798:29"
"IF120A.CBL","true","3862","100.0","0","0","0","IF120A.CBL:685:29"
"IF121A.CBL","true","3770","100.0","0","0","0","IF121A.CBL:681:29"
"IF122A.CBL","true","3801","100.0","0","0","0","IF122A.CBL:681:29"
"IF123A.CBL","true","4305","99.88386","0","0","0","IF123A.CBL:798:29"
"IF124A.CBL","true","3948","100.0","0","0","0","IF124A.CBL:762:29"
"IF125A.CBL","true","3385","100.0","0","0","0","IF125A.CBL:687:29"
"IF126A.CBL","true","4296","100.0","0","0","0","IF126A.CBL:887:29"
"IF127A.CBL","true","2695","99.81447","0","0","0","IF127A.CBL:506:29"
"IF128A.CBL","true","3373","99.85176","0","0","0","IF128A.CBL:648:29"
"IF129A.CBL","true","3126","99.84005","0","0","0","IF129A.CBL:633:29"
"IF130A.CBL","true","4488","100.0","0","0","0","IF130A.CBL:819:29"
"IF131A.CBL","true","2830","100.0","0","0","0","IF131A.CBL:513:29"
"IF132A.CBL","true","3537","100.0","0","0","0","IF132A.CBL:634:29"
"IF133A.CBL","true","3612","100.0","0","0","0","IF133A.CBL:679:29"
"IF134A.CBL","true","2692","100.0","0","0","0","IF134A.CBL:547:29"
"IF135A.CBL","true","5310","100.0","0","0","0","IF135A.CBL:1037:29"
"IF136A.CBL","true","4639","100.0","0","0","0","IF136A.CBL:905:29"
"IF137A.CBL","true","3958","100.0","0","0","0","IF137A.CBL:726:29"
"IF138A.CBL","true","3682","100.0","0","0","0","IF138A.CBL:660:29"
"IF139A.CBL","true","5125","100.0","0","0","0","IF139A.CBL:993:29"
"IF140A.CBL","true","2669","100.0","0","0","0","IF140A.CBL:544:29"
"IF141A.CBL","true","3851","100.0","0","0","0","IF141A.CBL:693:29"
"IF142A.CBL","true","2000","100.0","0","0","0","IF142A.CBL:368:29"
"IF401M.CBL","true","323","100.0","0","0","0","IF401M.CBL:103:18"
"IF402M.CBL","true","518","94.5946","0","0","0","IF402M.CBL:123:18"
"IF403M.CBL","true","353","100.0","0","0","0","IF403M.CBL:96:18"
"IX101A.CBL","true","2628","100.0","0","0","0","IX101A.CBL:508:31"
"IX102A.CBL","true","3624","100.0","0","0","0","IX102A.CBL:702:29"
"IX103A.CBL","true","3935","100.0","0","0","0","IX103A.CBL:758:29"
"IX104A.CBL","true","3988","100.0","0","0","0","IX104A.CBL:730:29"
"IX105A.CBL","true","4663","99.87133","0","0","0","IX105A.CBL:876:29"
"IX106A.CBL","true","7145","98.88033","0","0","0","IX106A.CBL:1234:29"
"IX107A.CBL","true","5246","99.86656","0","0","0","IX107A.CBL:983:29"
"IX108A.CBL","true","7066","100.0","0","0","0","IX108A.CBL:1459:29"
"IX109A.CBL","true","5071","100.0","0","0","0","IX109A.CBL:1072:29"
"IX110A.CBL","true","3023","100.0","0","0","0","IX110A.CBL:621:29"
"IX111A.CBL","true","2105","100.0","0","0","0","IX111A.CBL:445:29"
"IX112A.CBL","true","4271","100.0","0","0","0","IX112A.CBL:877:29"
"IX113A.CBL","true","3650","100.0","0","0","0","IX113A.CBL:770:29"
"IX114A.CBL","true","3430","100.0","0","0","0","IX114A.CBL:721:29"
"IX115A.CBL","true","3427","100.0","0","0","0","IX115A.CBL:722:29"
"IX116A.CBL","true","3423","100.0","0","0","0","IX116A.CBL:722:29"
"IX117A.CBL","true","3427","100.0","0","0","0","IX117A.CBL:721:29"
"IX118A.CBL","true","3432","100.0","0","0","0","IX118A.CBL:723:29"
"IX119A.CBL","true","3536","100.0","0","0","0","IX119A.CBL:732:29"
"IX120A.CBL","true","3347","100.0","0","0","0","IX120A.CBL:706:29"
"IX121A.CBL","true","3759","100.0","0","0","0","IX121A.CBL:763:29"
"IX201A.CBL","true","2633","100.0","0","0","0","IX201A.CBL:507:29"
"IX202A.CBL","true","3633","100.0","0","0","0","IX202A.CBL:665:29"
"IX203A.CBL","true","3917","100.0","0","0","0","IX203A.CBL:736:29"
"IX204A.CBL","true","3965","100.0","0","0","0","IX204A.CBL:740:29"
"IX205A.CBL","true","5106","99.86291","0","0","0","IX205A.CBL:974:29"
"IX206A.CBL","true","4733","99.809845","0","0","0","IX206A.CBL:893:29"
"IX207A.CBL","true","5272","100.0","0","0","0","IX207A.CBL:1082:29"
"IX208A.CBL","true","7866","100.0","0","0","0","IX208A.CBL:1526:29"
"IX209A.CBL","true","12679","100.0","0","0","0","IX209A.CBL:2860:29"
"IX210A.CBL","true","10601","99.952835","0","0","0","IX210A.CBL:2334:29"
"IX211A.CBL","true","5683","100.0","0","0","0","IX211A.CBL:1126:29"
"IX212A.CBL","true","5369","100.0","0","0","0","IX212A.CBL:1054:29"
"IX213A.CBL","true","5452","100.0","0","0","0","IX213A.CBL:1020:29"
"IX214A.CBL","true","10600","99.95283","0","0","0","IX214A.CBL:2359:29"
"IX215A.CBL","true","15871","99.584145","0","0","0","IX215A.CBL:2806:29"
"IX216A.CBL","true","4137","100.0","0","0","0","IX216A.CBL:793:29"
"IX217A.CBL","true","3641","100.0","0","0","0","IX217A.CBL:688:29"
"IX218A.CBL","true","2575","100.0","0","0","0","IX218A.CBL:614:29"
"IX301M.CBL","true","189","100.0","0","0","0","IX301M.CBL:69:32"
"IX302M.CBL","true","174","98.27586","0","0","0","IX302M.CBL:70:20"
"IX401M.CBL","true","226","100.0","0","0","0","IX401M.CBL:82:45"
"NC101A.CBL","true","11131","100.0","0","0","0","NC101A.CBL:1868:29"
"NC102A.CBL","true","7942","100.0","0","0","0","NC102A.CBL:1504:29"
"NC103A.CBL","true","10216","100.0","0","0","0","NC103A.CBL:2140:29"
"NC104A.CBL","true","15439","100.0","0","0","0","NC104A.CBL:2852:29"
"NC105A.CBL","true","17001","100.0","0","0","0","NC105A.CBL:3118:29"
"NC106A.CBL","true","15475","100.0","0","0","0","NC106A.CBL:2534:29"
"NC107A.CBL","true","8943","100.0","0","0","0","NC107A.CBL:2034:29"
"NC108M.CBL","true","3357","99.64254","0","0","0","NC108M.CBL:778:29"
"NC109M.CBL","true","4792","100.0","0","0","0","NC109M.CBL:965:29"
"NC110M.CBL","true","125","100.0","0","0","0","NC110M.CBL:90:31"
"NC111A.CBL","true","2614","100.0","0","0","0","NC111A.CBL:479:29"
"NC112A.CBL","true","5345","100.0","0","0","0","NC112A.CBL:1028:29"
"NC113M.CBL","true","1236","100.0","0","0","0","NC113M.CBL:263:66"
"NC114M.CBL","true","2545","99.803535","0","0","0","NC114M.CBL:500:29"
"NC115A.CBL","true","6554","100.0","0","0","0","NC115A.CBL:1105:29"
"NC116A.CBL","true","8128","100.0","0","0","0","NC116A.CBL:1494:29"
"NC117A.CBL","true","6860","100.0","0","0","0","NC117A.CBL:1209:29"
"NC118A.CBL","true","6259","100.0","0","0","0","NC118A.CBL:1038:29"
"NC119A.CBL","true","6969","100.0","0","0","0","NC119A.CBL:1177:29"
"NC120A.CBL","true","6580","100.0","0","0","0","NC120A.CBL:1148:29"
"NC121M.CBL","true","7666","100.0","0","0","0","NC121M.CBL:1289:29"
"NC122A.CBL","true","6083","100.0","0","0","0","NC122A.CBL:1039:29"
"NC123A.CBL","true","6728","100.0","0","0","0","NC123A.CBL:1130:29"
"NC124A.CBL","true","10634","100.0","0","0","0","NC124A.CBL:2355:29"
"NC125A.CBL","true","4853","100.0","0","0","0","NC125A.CBL:751:29"
"NC126A.CBL","true","13287","100.0","0","0","0","NC126A.CBL:2637:29"
"NC127A.CBL","true","1910","100.0","0","0","0","NC127A.CBL:350:29"
"NC131A.CBL","true","2686","100.0","0","0","0","NC131A.CBL:469:29"
"NC132A.CBL","true","4240","100.0","0","0","0","NC132A.CBL:795:29"
"NC133A.CBL","true","3714","100.0","0","0","0","NC133A.CBL:714:29"
"NC134A.CBL","true","4118","100.0","0","0","0","NC134A.CBL:714:29"
"NC135A.CBL","true","2921","100.0","0","0","0","NC135A.CBL:522:29"
"NC136A.CBL","true","2649","100.0","0","0","0","NC136A.CBL:490:29"
"NC137A.CBL","true","2755","100.0","0","0","0","NC137A.CBL:504:29"
"NC138A.CBL","true","3614","100.0","0","0","0","NC138A.CBL:655:29"
"NC139A.CBL","true","3634","100.0","0","0","0","NC139A.CBL:618:29"
"NC140A.CBL","true","4270","100.0","0","0","0","NC140A.CBL:750:29"
"NC141A.CBL","true","2828","99.54031","0","0","0","NC141A.CBL:508:29"
"NC170A.CBL","true","11353","100.0","0","0","0","NC170A.CBL:2016:29"
"NC171A.CBL","true","12516","100.0","0","0","0","NC171A.CBL:2269:29"
"NC172A.CBL","true","11976","100.0","0","0","0","NC172A.CBL:2216:29"
"NC173A.CBL","true","11868","100.0","0","0","0","NC173A.CBL:2219:29"
"NC174A.CBL","true","8465","99.22032","0","0","0","NC174A.CBL:1936:29"
"NC175A.CBL","true","12067","100.0","0","0","0","NC175A.CBL:2080:29"
"NC176A.CBL","true","14099","100.0","0","0","0","NC176A.CBL:2418:29"
"NC177A.CBL","true","12610","100.0","0","0","0","NC177A.CBL:2138:29"
"NC201A.CBL","true","13376","100.0","0","0","0","NC201A.CBL:2121:29"
"NC202A.CBL","true","13706","100.0","0","0","0","NC202A.CBL:2220:29"
"NC203A.CBL","true","9860","100.0","0","0","0","NC203A.CBL:1694:29"
"NC204M.CBL","true","6183","100.0","0","0","0","NC204M.CBL:1208:29"
"NC205A.CBL","true","2810","100.0","0","0","0","NC205A.CBL:805:29"
"NC206A.CBL","true","10062","100.0","0","0","0","NC206A.CBL:1696:29"
"NC207A.CBL","true","16114","100.0","0","0","0","NC207A.CBL:2724:29"
"NC208A.CBL","true","7012","100.0","0","0","0","NC208A.CBL:1131:29"
"NC209A.CBL","true","5359","100.0","0","0","0","NC209A.CBL:967:29"
"NC210A.CBL","true","3914","100.0","0","0","0","NC210A.CBL:738:29"
"NC211A.CBL","true","9227","99.77241","0","0","0","NC211A.CBL:1897:29"
"NC214M.CBL","true","2285","99.78118","0","0","0","NC214M.CBL:410:29"
"NC215A.CBL","true","2508","98.763954","0","0","0","NC215A.CBL:484:29"
"NC216A.CBL","true","12081","100.0","0","0","0","NC216A.CBL:2228:29"
"NC217A.CBL","true","10913","100.0","0","0","0","NC217A.CBL:2188:29"
"NC218A.CBL","true","16104","100.0","0","0","0","NC218A.CBL:3078:29"
"NC219A.CBL","true","2420","99.04958","0","0","0","NC219A.CBL:592:29"
"NC220M.CBL","true","6199","100.0","0","0","0","NC220M.CBL:1038:29"
"NC221A.CBL","true","5683","100.0","0","0","0","NC221A.CBL:962:29"
"NC222A.CBL","true","3198","100.0","0","0","0","NC222A.CBL:553:29"
"NC223A.CBL","true","10487","100.0","0","0","0","NC223A.CBL:2291:29"
"NC224A.CBL","true","3537","100.0","0","0","0","NC224A.CBL:648:29"
"NC225A.CBL","true","9342","100.0","0","0","0","NC225A.CBL:1925:29"
"NC231A.CBL","true","6301","100.0","0","0","0","NC231A.CBL:1111:29"
"NC232A.CBL","true","5361","100.0","0","0","0","NC232A.CBL:924:29"
"NC233A.CBL","true","5365","100.0","0","0","0","NC233A.CBL:882:29"
"NC234A.CBL","true","5879","100.0","0","0","0","NC234A.CBL:923:29"
"NC235A.CBL","true","3333","100.0","0","0","0","NC235A.CBL:627:29"
"NC236A.CBL","true","3387","100.0","0","0","0","NC236A.CBL:585:29"
"NC237A.CBL","true","3805","100.0","0","0","0","NC237A.CBL:662:29"
"NC238A.CBL","true","3897","100.0","0","0","0","NC238A.CBL:659:29"
"NC239A.CBL","true","3093","100.0","0","0","0","NC239A.CBL:529:29"
"NC240A.CBL","true","3901","100.0","0","0","0","NC240A.CBL:694:29"
"NC241A.CBL","true","3828","100.0","0","0","0","NC241A.CBL:672:29"
"NC242A.CBL","true","3327","100.0","0","0","0","NC242A.CBL:576:29"
"NC243A.CBL","true","4434","100.0","0","0","0","NC243A.CBL:703:29"
"NC244A.CBL","true","3009","100.0","0","0","0","NC244A.CBL:512:29"
"NC245A.CBL","true","3068","100.0","0","0","0","NC245A.CBL:538:29"
"NC246A.CBL","true","7379","100.0","0","0","0","NC246A.CBL:1321:29"
"NC247A.CBL","true","4469","100.0","0","0","0","NC247A.CBL:865:29"
"NC248A.CBL","true","3568","99.55157","0","0","0","NC248A.CBL:622:29"
"NC250A.CBL","true","10185","100.0","0","0","0","NC250A.CBL:1972:29"
"NC251A.CBL","true","7456","100.0","0","0","0","NC251A.CBL:1418:29"
"NC252A.CBL","true","9276","100.0","0","0","0","NC252A.CBL:1711:29"
"NC253A.CBL","true","11788","100.0","0","0","0","NC253A.CBL:1979:29"
"NC254A.CBL","true","3974","98.43986","0","0","0","NC254A.CBL:672:29"
"NC302M.CBL","true","116","95.68965","0","0","0","NC302M.CBL:48:25"
"NC303M.CBL","true","80","100.0","0","0","0","NC303M.CBL:30:17"
"NC401M.CBL","true","1059","99.433426","0","0","0","NC401M.CBL:333:26"
"OBIC1A.CBL","true","170","100.0","0","0","0","OBIC1A.CBL:81:24"
"OBIC2A.CBL","true","1473","100.0","0","0","0","OBIC2A.CBL:311:16"
"OBIC3A.CBL","true","1884","100.0","0","0","0","OBIC3A.CBL:337:24"
"OBNC1M.CBL","true","3769","99.86734","0","0","0","OBNC1M.CBL:783:29"
"OBNC2M.CBL","true","5788","100.0","0","0","0","OBNC2M.CBL:930:29"
"OBSQ1A.CBL","true","3134","100.0","0","0","0","OBSQ1A.CBL:630:29"
"OBSQ3A.CBL","true","3482","98.87995","0","0","0","OBSQ3A.CBL:648:29"
"OBSQ4A.CBL","true","3106","99.2595","0","0","0","OBSQ4A.CBL:575:29"
"OBSQ5A.CBL","true","3395","99.293076","0","0","0","OBSQ5A.CBL:627:29"
"RL101A.CBL","true","2545","100.0","0","0","0","RL101A.CBL:458:29"
"RL102A.CBL","true","3489","100.0","0","0","0","RL102A.CBL:618:29"
"RL103A.CBL","true","3692","100.0","0","0","0","RL103A.CBL:617:29"
"RL104A.CBL","true","3731","100.0","0","0","0","RL104A.CBL:640:29"
"RL105A.CBL","true","3447","100.0","0","0","0","RL105A.CBL:634:29"
"RL106A.CBL","true","4427","99.86447","0","0","0","RL106A.CBL:815:29"
"RL107A.CBL","true","4279","100.0","0","0","0","RL107A.CBL:792:29"
"RL108A.CBL","true","2580","100.0","0","0","0","RL108A.CBL:463:29"
"RL109A.CBL","true","3549","100.0","0","0","0","RL109A.CBL:646:29"
"RL110A.CBL","true","3722","100.0","0","0","0","RL110A.CBL:623:29"
"RL111A.CBL","true","5265","100.0","0","0","0","RL111A.CBL:1095:29"
"RL112A.CBL","true","3759","100.0","0","0","0","RL112A.CBL:643:29"
"RL113A.CBL","true","4408","100.0","0","0","0","RL113A.CBL:813:29"
"RL114A.CBL","true","4594","100.0","0","0","0","RL114A.CBL:825:29"
"RL115A.CBL","true","4082","100.0","0","0","0","RL115A.CBL:720:29"
"RL116A.CBL","true","3469","100.0","0","0","0","RL116A.CBL:615:29"
"RL117A.CBL","true","3455","100.0","0","0","0","RL117A.CBL:605:29"
"RL118A.CBL","true","3224","100.0","0","0","0","RL118A.CBL:555:29"
"RL119A.CBL","true","3087","100.0","0","0","0","RL119A.CBL:546:29"
"RL201A.CBL","true","2535","100.0","0","0","0","RL201A.CBL:445:29"
"RL202A.CBL","true","3489","100.0","0","0","0","RL202A.CBL:618:29"
"RL203A.CBL","true","3706","99.406364","0","0","0","RL203A.CBL:615:29"
"RL204A.CBL","true","3744","100.0","0","0","0","RL204A.CBL:645:29"
"RL205A.CBL","true","12161","99.81909","0","0","0","RL205A.CBL:2411:29"
"RL206A.CBL","true","3026","100.0","0","0","0","RL206A.CBL:564:29"
"RL207A.CBL","true","5586","100.0","0","0","0","RL207A.CBL:1065:29"
"RL208A.CBL","true","3726","99.40955","0","0","0","RL208A.CBL:616:29"
"RL209A.CBL","true","2631","100.0","0","0","0","RL209A.CBL:461:29"
"RL210A.CBL","true","2805","100.0","0","0","0","RL210A.CBL:488:29"
"RL211A.CBL","true","3168","100.0","0","0","0","RL211A.CBL:554:29"
"RL212A.CBL","true","2535","100.0","0","0","0","RL212A.CBL:445:29"
"RL213A.CBL","true","2654","100.0","0","0","0","RL213A.CBL:476:29"
"RL301M.CBL","true","199","100.0","0","0","0","RL301M.CBL:66:32"
"RL302M.CBL","true","183","98.36066","0","0","0","RL302M.CBL:69:20"
"RL401M.CBL","true","213","95.77465","0","0","0","RL401M.CBL:76:36"
"RW101A.CBL","true","2471","100.0","0","0","0","RW101A.CBL:553:29"
"RW102A.CBL","true","2230","100.0","0","0","0","RW102A.CBL:451:29"
"RW103A.CBL","true","3050","100.0","0","0","0","RW103A.CBL:715:29"
"RW104A.CBL","true","3117","100.0","0","0","0","RW104A.CBL:730:29"
"RW301M.CBL","true","202","96.53465","0","0","0","RW301M.CBL:82:20"
"RW302M.CBL","true","201","97.01492","0","0","0","RW302M.CBL:77:20"
"SG101A.CBL","true","11713","100.0","0","0","0","SG101A.CBL:2850:37"
"SG102A.CBL","true","3550","100.0","0","0","0","SG102A.CBL:611:16"
"SG103A.CBL","true","2661","100.0","0","0","0","SG103A.CBL:486:25"
"SG104A.CBL","true","3284","100.0","0","0","0","SG104A.CBL:593:32"
"SG105A.CBL","true","3284","100.0","0","0","0","SG105A.CBL:593:32"
"SG106A.CBL","true","3284","100.0","0","0","0","SG106A.CBL:593:32"
"SG201A.CBL","true","8476","99.96461","0","0","0","SG201A.CBL:1951:16"
"SG202A.CBL","true","2348","99.87223","0","0","0","SG202A.CBL:433:16"
"SG203A.CBL","true","3861","99.9223","0","0","0","SG203A.CBL:795:32"
"SG204A.CBL","true","4833","99.648254","0","0","0","SG204A.CBL:881:29"
"SG302M.CBL","true","45","100.0","0","0","0","SG302M.CBL:21:20"
"SG303M.CBL","true","71","95.77465","0","0","0","SG303M.CBL:34:52"
"SG401M.CBL","true","70","95.71429","0","0","0","SG401M.CBL:33:52"
"SM101A.CBL","true","2606","100.0","0","0","10","SM101A.CBL:570:29"
"SM102A.CBL","true","2100","100.0","0","0","0","SM102A.CBL:394:29"
"SM103A.CBL","true","2617","99.57967","0","0","8","SM103A.CBL:556:29"
"SM104A.CBL","true","2229","100.0","0","0","0","SM104A.CBL:450:29"
"SM105A.CBL","true","3233","100.0","0","0","2","SM105A.CBL:613:16"
"SM106A.CBL","true","1760","100.0","0","0","1","K6SCA.CPY:291:29"
"SM107A.CBL","true","8533","100.0","0","0","1","K7SEA.CPY:1600:33"
"SM201A.CBL","true","2791","100.0","0","0","8","SM201A.CBL:635:29"
"SM202A.CBL","true","2567","100.0","0","0","3","SM202A.CBL:530:29"
"SM203A.CBL","true","1994","99.2979","0","0","3","SM203A.CBL:380:29"
"SM204A.CBL","true","2105","100.0","0","0","0","SM204A.CBL:398:29"
"SM205A.CBL","true","3244","100.0","0","0","2","SM205A.CBL:622:16"
"SM206A.CBL","true","3438","100.0","0","0","9","SM206A.CBL:712:29"
"SM207A.CBL","true","1863","100.0","0","0","0","SM207A.CBL:363:29"
"SM208A.CBL","true","2776","100.0","0","0","22","SM208A.CBL:643:29"
"SM301M.CBL","true","50","100.0","0","0","1","SM301M.CBL:23:13"
"SM401M.CBL","true","58","100.0","0","0","2","SM401M.CBL:27:19"
"SQ101M.CBL","true","7556","100.0","0","0","0","SQ101M.CBL:1882:29"
"SQ102A.CBL","true","3829","100.0","0","0","0","SQ102A.CBL:842:29"
"SQ103A.CBL","true","4708","100.0","0","0","0","SQ103A.CBL:1056:29"
"SQ104A.CBL","true","3847","100.0","0","0","0","SQ104A.CBL:846:29"
"SQ105A.CBL","true","5300","100.0","0","0","0","SQ105A.CBL:1175:29"
"SQ106A.CBL","true","11189","100.0","0","0","0","SQ106A.CBL:2661:29"
"SQ107A.CBL","true","3548","100.0","0","0","0","SQ107A.CBL:709:29"
"SQ108A.CBL","true","4209","100.0","0","0","0","SQ108A.CBL:800:29"
"SQ109M.CBL","true","3167","100.0","0","0","0","SQ109M.CBL:616:29"
"SQ110M.CBL","true","3163","100.0","0","0","0","SQ110M.CBL:616:29"
"SQ111A.CBL","true","2623","100.0","0","0","0","SQ111A.CBL:492:29"
"SQ112A.CBL","true","3546","100.0","0","0","0","SQ112A.CBL:687:29"
"SQ113A.CBL","true","4694","100.0","0","0","0","SQ113A.CBL:1023:29"
"SQ114A.CBL","true","4659","99.849754","0","0","0","SQ114A.CBL:963:29"
"SQ115A.CBL","true","3060","100.0","0","0","0","SQ115A.CBL:585:29"
"SQ116A.CBL","true","5048","100.0","0","0","0","SQ116A.CBL:958:29"
"SQ117A.CBL","true","4441","100.0","0","0","0","SQ117A.CBL:818:29"
"SQ121A.CBL","true","3133","100.0","0","0","0","SQ121A.CBL:609:29"
"SQ122A.CBL","true","3304","100.0","0","0","0","SQ122A.CBL:757:31"
"SQ123A.CBL","true","3778","100.0","0","0","0","SQ123A.CBL:905:31"
"SQ124A.CBL","true","5141","100.0","0","0","0","SQ124A.CBL:1193:31"
"SQ125A.CBL","true","2710","100.0","0","0","0","SQ125A.CBL:601:31"
"SQ126A.CBL","true","3213","100.0","0","0","0","SQ126A.CBL:736:29"
"SQ127A.CBL","true","3160","100.0","0","0","0","SQ127A.CBL:620:29"
"SQ128A.CBL","true","3011","100.0","0","0","0","SQ128A.CBL:553:29"
"SQ129A.CBL","true","2632","100.0","0","0","0","SQ129A.CBL:626:31"
"SQ130A.CBL","true","2301","100.0","0","0","0","SQ130A.CBL:525:31"
"SQ131A.CBL","true","2490","100.0","0","0","0","SQ131A.CBL:584:31"
"SQ132A.CBL","true","2654","100.0","0","0","0","SQ132A.CBL:583:31"
"SQ133A.CBL","true","4772","100.0","0","0","0","SQ133A.CBL:1114:31"
"SQ134A.CBL","true","4715","100.0","0","0","0","SQ134A.CBL:1091:31"
"SQ135A.CBL","true","2726","100.0","0","0","0","SQ135A.CBL:597:29"
"SQ136A.CBL","true","3525","100.0","0","0","0","SQ136A.CBL:814:31"
"SQ137A.CBL","true","3524","100.0","0","0","0","SQ137A.CBL:836:31"
"SQ138A.CBL","true","3542","100.0","0","0","0","SQ138A.CBL:832:31"
"SQ139A.CBL","true","2764","100.0","0","0","0","SQ139A.CBL:651:31"
"SQ140A.CBL","true","2776","100.0","0","0","0","SQ140A.CBL:659:31"
"SQ141A.CBL","true","2640","100.0","0","0","0","SQ141A.CBL:626:31"
"SQ142A.CBL","true","2646","100.0","0","0","0","SQ142A.CBL:629:31"
"SQ143A.CBL","true","2297","100.0","0","0","0","SQ143A.CBL:480:29"
"SQ144A.CBL","true","3462","100.0","0","0","0","SQ144A.CBL:770:31"
"SQ146A.CBL","true","2428","100.0","0","0","0","SQ146A.CBL:511:29"
"SQ147A.CBL","true","2801","100.0","0","0","0","SQ147A.CBL:614:31"
"SQ148A.CBL","true","3051","100.0","0","0","0","SQ148A.CBL:653:31"
"SQ149A.CBL","true","2426","100.0","0","0","0","SQ149A.CBL:506:29"
"SQ150A.CBL","true","2437","100.0","0","0","0","SQ150A.CBL:513:29"
"SQ151A.CBL","true","2731","100.0","0","0","0","SQ151A.CBL:599:29"
"SQ152A.CBL","true","2779","100.0","0","0","0","SQ152A.CBL:608:29"
"SQ153A.CBL","true","2580","100.0","0","0","0","SQ153A.CBL:597:31"
"SQ154A.CBL","true","2424","100.0","0","0","0","SQ154A.CBL:504:29"
"SQ155A.CBL","true","2471","100.0","0","0","0","SQ155A.CBL:517:29"
"SQ156A.CBL","true","2471","100.0","0","0","0","SQ156A.CBL:517:29"
"SQ201M.CBL","true","3441","100.0","0","0","0","SQ201M.CBL:779:29"
"SQ202A.CBL","true","2479","100.0","0","0","0","SQ202A.CBL:449:29"
"SQ203A.CBL","true","2876","100.0","0","0","0","SQ203A.CBL:554:29"
"SQ204A.CBL","true","3529","100.0","0","0","0","SQ204A.CBL:618:29"
"SQ205A.CBL","true","3154","100.0","0","0","0","SQ205A.CBL:572:29"
"SQ206A.CBL","true","3708","99.406685","0","0","0","SQ206A.CBL:690:29"
"SQ207M.CBL","true","2228","100.0","0","0","0","SQ207M.CBL:441:29"
"SQ208M.CBL","true","3450","100.0","0","0","0","SQ208M.CBL:665:29"
"SQ209M.CBL","true","2369","100.0","0","0","0","SQ209M.CBL:460:29"
"SQ210M.CBL","true","1942","100.0","0","0","0","SQ210M.CBL:375:29"
"SQ211A.CBL","true","2590","100.0","0","0","0","SQ211A.CBL:555:29"
"SQ212A.CBL","true","3621","100.0","0","0","0","SQ212A.CBL:768:29"
"SQ213A.CBL","true","3602","100.0","0","0","0","SQ213A.CBL:641:29"
"SQ214A.CBL","true","3244","100.0","0","0","0","SQ214A.CBL:571:29"
"SQ215A.CBL","true","2903","100.0","0","0","0","SQ215A.CBL:649:29"
"SQ216A.CBL","true","3285","100.0","0","0","0","SQ216A.CBL:609:29"
"SQ217A.CBL","true","3290","100.0","0","0","0","SQ217A.CBL:610:29"
"SQ218A.CBL","true","3679","100.0","0","0","0","SQ218A.CBL:700:29"
"SQ219A.CBL","true","3678","100.0","0","0","0","SQ219A.CBL:703:29"
"SQ220A.CBL","true","3752","100.0","0","0","0","SQ220A.CBL:721:29"
"SQ221A.CBL","true","3743","100.0","0","0","0","SQ221A.CBL:718:29"
"SQ222A.CBL","true","3681","100.0","0","0","0","SQ222A.CBL:702:29"
"SQ223A.CBL","true","3719","100.0","0","0","0","SQ223A.CBL:712:29"
"SQ224A.CBL","true","2784","100.0","0","0","0","SQ224A.CBL:572:29"
"SQ225A.CBL","true","2757","100.0","0","0","0","SQ225A.CBL:653:31"
"SQ226A.CBL","true","6831","100.0","0","0","0","SQ226A.CBL:1651:31"
"SQ227A.CBL","true","4855","100.0","0","0","0","SQ227A.CBL:1113:31"
"SQ228A.CBL","true","3581","100.0","0","0","0","SQ228A.CBL:784:29"
"SQ229A.CBL","true","2749","100.0","0","0","0","SQ229A.CBL:610:29"
"SQ230A.CBL","true","2437","100.0","0","0","0","SQ230A.CBL:513:29"
"SQ302M.CBL","true","169","98.22485","0","0","0","SQ302M.CBL:67:20"
"SQ303M.CBL","true","121","94.214874","0","0","0","SQ303M.CBL:47:20"
"SQ401M.CBL","true","325","95.38461","0","0","0","SQ401M.CBL:133:53"
"ST101A.CBL","true","2981","100.0","0","0","0","ST101A.CBL:576:32"
"ST102A.CBL","true","227","100.0","0","0","0","ST102A.CBL:79:20"
"ST103A.CBL","true","2489","100.0","0","0","0","ST103A.CBL:474:29"
"ST104A.CBL","true","1965","100.0","0","0","0","ST104A.CBL:353:31"
"ST105A.CBL","true","2309","100.0","0","0","0","ST105A.CBL:446:32"
"ST106A.CBL","true","2058","100.0","0","0","0","ST106A.CBL:401:31"
"ST107A.CBL","true","2862","100.0","0","0","0","ST107A.CBL:523:29"
"ST108A.CBL","true","3111","100.0","0","0","0","ST108A.CBL:620:32"
"ST109A.CBL","true","2017","100.0","0","0","0","ST109A.CBL:369:29"
"ST110A.CBL","true","388","100.0","0","0","0","ST110A.CBL:106:24"
"ST111A.CBL","true","2640","100.0","0","0","0","ST111A.CBL:498:29"
"ST112M.CBL","true","2090","100.0","0","0","0","ST112M.CBL:387:31"
"ST113M.CBL","true","168","100.0","0","0","0","ST113M.CBL:68:24"
"ST114M.CBL","true","2463","100.0","0","0","0","ST114M.CBL:468:29"
"ST115A.CBL","true","2677","100.0","0","0","0","ST115A.CBL:519:29"
"ST116A.CBL","true","440","100.0","0","0","0","ST116A.CBL:185:20"
"ST117A.CBL","true","2653","100.0","0","0","0","ST117A.CBL:551:29"
"ST118A.CBL","true","3120","100.0","0","0","0","ST118A.CBL:630:32"
"ST119A.CBL","true","4648","100.0","0","0","0","ST119A.CBL:1000:31"
"ST120A.CBL","true","227","100.0","0","0","0","ST120A.CBL:79:20"
"ST121A.CBL","true","2489","100.0","0","0","0","ST121A.CBL:474:29"
"ST122A.CBL","true","2021","100.0","0","0","0","ST122A.CBL:378:29"
"ST123A.CBL","true","387","100.0","0","0","0","ST123A.CBL:122:24"
"ST124A.CBL","true","2644","100.0","0","0","0","ST124A.CBL:511:29"
"ST125A.CBL","true","2160","100.0","0","0","0","ST125A.CBL:435:31"
"ST126A.CBL","true","5304","100.0","0","0","0","ST126A.CBL:961:29"
"ST127A.CBL","true","4605","100.0","0","0","0","ST127A.CBL:1002:16"
"ST131A.CBL","true","5071","99.66476","0","0","0","ST131A.CBL:961:29"
"ST132A.CBL","true","4033","99.77684","0","0","0","ST132A.CBL:744:29"
"ST133A.CBL","true","4546","99.846016","0","0","0","ST133A.CBL:906:29"
"ST134A.CBL","true","3310","99.66767","0","0","0","ST134A.CBL:618:29"
"ST135A.CBL","true","2995","99.33222","0","0","0","ST135A.CBL:594:29"
"ST136A.CBL","true","3026","100.0","0","0","0","ST136A.CBL:555:29"
"ST137A.CBL","true","3838","100.0","0","0","0","ST137A.CBL:748:29"
"ST139A.CBL","true","4245","99.76443","0","0","0","ST139A.CBL:865:29"
"ST140A.CBL","true","4623","99.52412","0","0","0","ST140A.CBL:948:29"
"ST144A.CBL","true","4613","99.52309","0","0","0","ST144A.CBL:952:29"
"ST146A.CBL","true","3860","100.0","0","0","0","ST146A.CBL:689:24"
"ST147A.CBL","true","6170","100.0","0","0","0","ST147A.CBL:1316:29"
"ST301M.CBL","true","264","96.59091","0","0","0","ST301M.CBL:81:25"
